{
  "A_context": {
    "ctx72_MAE": 1.807841420173645,
    "ctx720_MAE": 1.8463337421417236
  },
  "B_pos_encoding": {
    "no_pe_MAE": 3.9132344722747803,
    "with_pe_MAE": 1.8463337421417236
  },
  "C_heads": {
    "heads2_MAE": 1.8596166372299194,
    "heads4_MAE": 1.8463337421417236
  }
}