{
  "task": {
    "context_hours": 720,
    "horizon_hours": 24,
    "stride": 3,
    "features": [
      "p (mbar)",
      "T (degC)",
      "Tdew (degC)",
      "rh (%)",
      "VPmax (mbar)",
      "sh (g/kg)",
      "wv (m/s)"
    ],
    "split": "70/15/15 chronological (same as Level 2)",
    "device": "cuda",
    "epochs": 10,
    "batch_size": 32
  },
  "Transformer": {
    "regression": {
      "MAE": 1.875686764717102,
      "RMSE": 2.4415347576141357,
      "MSE": 5.961092472076416,
      "R2": 0.9060036540031433
    },
    "classification": {
      "accuracy": 0.8131072926255497,
      "macro_precision": 0.7949240926445427,
      "macro_recall": 0.7668141048370348,
      "macro_f1": 0.7789062782273781
    },
    "per_horizon_mae": [
      0.6676574349403381,
      0.9103181958198547,
      1.109161615371704,
      1.2979462146759033,
      1.4566137790679932,
      1.5721770524978638,
      1.679088830947876,
      1.7849862575531006,
      1.863730549812317,
      1.9327818155288696,
      2.005805492401123,
      2.037180185317993,
      2.0943329334259033,
      2.111286163330078,
      2.1443164348602295,
      2.16764235496521,
      2.1962735652923584,
      2.2007925510406494,
      2.235299825668335,
      2.266723394393921,
      2.2805893421173096,
      2.2985291481018066,
      2.3424785137176514,
      2.360757827758789
    ],
    "params": 401816,
    "best_val_loss": 0.04507075188060602,
    "best_epoch": 6,
    "sec_per_epoch": 5.926074028015137,
    "train_wall_sec": 61.81630730628967,
    "inference_ms_per_window": 0.052031727428266554,
    "peak_mem_mb": 596.564992
  },
  "LSTM": {
    "regression": {
      "MAE": 1.8095266819000244,
      "RMSE": 2.3732550144195557,
      "MSE": 5.6323394775390625,
      "R2": 0.9111875295639038
    },
    "classification": {
      "accuracy": 0.8210979850669939,
      "macro_precision": 0.8013104302655096,
      "macro_recall": 0.7863137097697974,
      "macro_f1": 0.7934799124531091
    },
    "per_horizon_mae": [
      0.6549011468887329,
      0.8990028500556946,
      1.092707633972168,
      1.2699754238128662,
      1.4273606538772583,
      1.5312726497650146,
      1.629338026046753,
      1.7141482830047607,
      1.7827247381210327,
      1.857414722442627,
      1.9115034341812134,
      1.945764422416687,
      1.9912930727005005,
      2.0272955894470215,
      2.0526812076568604,
      2.0857536792755127,
      2.128624677658081,
      2.141427993774414,
      2.169757604598999,
      2.200141191482544,
      2.207345724105835,
      2.2172720432281494,
      2.239393472671509,
      2.2515411376953125
    ],
    "params": 205336,
    "best_val_loss": 0.04417441571679186,
    "best_epoch": 4,
    "sec_per_epoch": 175.01161992549896,
    "train_wall_sec": 1796.037632226944,
    "inference_ms_per_window": 1.3980527493294561,
    "peak_mem_mb": 192.815616
  },
  "baselines": {
    "persistence": {
      "MAE": 3.1023595333099365,
      "RMSE": 4.212287902832031,
      "MSE": 17.743370056152344,
      "R2": 0.7202170491218567
    },
    "seasonal_naive_24h": {
      "MAE": 2.471212387084961,
      "RMSE": 3.229069471359253,
      "MSE": 10.42689037322998,
      "R2": 0.8355855941772461
    },
    "seasonal_naive_per_horizon_mae": [
      2.4762985706329346,
      2.4733970165252686,
      2.469527244567871,
      2.4765522480010986,
      2.473151445388794,
      2.469236373901367,
      2.476203441619873,
      2.4728734493255615,
      2.4691014289855957,
      2.4762041568756104,
      2.472606897354126,
      2.468416213989258,
      2.4750471115112305,
      2.4713263511657715,
      2.4672231674194336,
      2.474590539932251,
      2.470458507537842,
      2.466055154800415,
      2.4733541011810303,
      2.469269037246704,
      2.4647700786590576,
      2.4720633029937744,
      2.467865228652954,
      2.463503360748291
    ]
  },
  "mae_skill_pct": {
    "transformer_vs_persistence": 39.53999384733097,
    "transformer_vs_seasonal_naive": 24.098520446085182,
    "lstm_vs_persistence": 41.672566881072505,
    "lstm_vs_seasonal_naive": 26.775752203373347,
    "transformer_vs_lstm": -3.6562092993074113
  },
  "attention_mean_distance_hours_per_layer": [
    233.59047763638364,
    106.30394516874367,
    285.0197641798295
  ]
}