{
  "regression": {
    "MAE": 1.4260321855545044,
    "RMSE": 1.9064935445785522,
    "MSE": 3.6347177028656006,
    "R2": 0.940131425857544
  },
  "baseline": {
    "MAE": 2.867483377456665,
    "RMSE": 4.062946319580078,
    "MSE": 16.50753402709961,
    "R2": 0.7280992269515991
  },
  "classification": {
    "accuracy": 0.8555220210149788,
    "macro_precision": 0.8447830891222539,
    "macro_recall": 0.8329198253651865,
    "macro_f1": 0.838102605038888
  },
  "mae_skill_vs_persistence_pct": 50.26885955937664,
  "per_horizon_mae": [
    0.5246077179908752,
    0.7666240334510803,
    0.9962890148162842,
    1.1899495124816895,
    1.3635425567626953,
    1.500113606452942,
    1.6108174324035645,
    1.700207233428955,
    1.7756813764572144,
    1.8405817747116089,
    1.8953474760055542,
    1.9486191272735596
  ],
  "best_val_loss": 0.02797799986764425,
  "best_epoch": 4,
  "params": 203788
}