horizon_hours,mae_degC
1,0.52461
2,0.76662
3,0.99629
4,1.18995
5,1.36354
6,1.50011
7,1.61082
8,1.70021
9,1.77568
10,1.84058
11,1.89535
12,1.94862
